{
    "data": [
        {
            "Date": "07-10-2022",
            "Type": "Reciept",
            "Transection": "36",
            "Perticulers": "GST Debtors",
            "Debit": "300",
            "Credit": "252",
            "Balance": "100000"
        },
        {
            "Date": "07-10-2022",
            "Type": "Reciept",
            "Transection": "36",
            "Perticulers": "GST Debtors",
            "Debit": "300",
            "Credit": "252",
            "Balance": "100000"
        },
        {
            "Date": "07-10-2022",
            "Type": "Reciept",
            "Transection": "36",
            "Perticulers": "GST Debtors",
            "Debit": "300",
            "Credit": "252",
            "Balance": "100000"
        },
        {
            "Date": "07-10-2022",
            "Type": "Reciept",
            "Transection": "36",
            "Perticulers": "GST Debtors",
            "Debit": "300",
            "Credit": "252",
            "Balance": "100000"
        },
        {
            "Date": "07-10-2022",
            "Type": "Reciept",
            "Transection": "36",
            "Perticulers": "GST Debtors",
            "Debit": "300",
            "Credit": "252",
            "Balance": "100000"
        },
        {
            "Date": "07-10-2022",
            "Type": "Reciept",
            "Transection": "36",
            "Perticulers": "GST Debtors",
            "Debit": "300",
            "Credit": "252",
            "Balance": "100000"
        },
        {
            "Date": "07-10-2022",
            "Type": "Reciept",
            "Transection": "36",
            "Perticulers": "GST Debtors",
            "Debit": "300",
            "Credit": "252",
            "Balance": "100000"
        }
    ]
}